,Pregnancies,Glucose,Insulin,BMI,DiabetesPedigreeFunction,Age
Mean,4.278645833333333,121.65625,2.471968342245169,32.4508051554362,0.47187630208333325,33.0390625
Standard deviation,3.0215155870607275,30.43828582241517,2.4602530532138194,6.8753735074183835,0.3313285950127749,11.211189937914243
